{
  "updateBooking" : {
    "transaction" : "updateBooking",
    "sampleCount" : 1200,
    "errorCount" : 1,
    "errorPct" : 0.083333336,
    "meanResTime" : 1086.8016666666651,
    "medianResTime" : 442.0,
    "minResTime" : 277.0,
    "maxResTime" : 58918.0,
    "pct1ResTime" : 1746.8000000000002,
    "pct2ResTime" : 2692.8500000000004,
    "pct3ResTime" : 15526.420000000018,
    "throughput" : 5.300681137526173,
    "receivedKBytesPerSec" : 4.753910356647496,
    "sentKBytesPerSec" : 2.515675315059235
  },
  "auth" : {
    "transaction" : "auth",
    "sampleCount" : 1200,
    "errorCount" : 1,
    "errorPct" : 0.083333336,
    "meanResTime" : 26832.557499999944,
    "medianResTime" : 24690.0,
    "minResTime" : 1501.0,
    "maxResTime" : 227603.0,
    "pct1ResTime" : 52189.5,
    "pct2ResTime" : 54995.95000000002,
    "pct3ResTime" : 95285.04000000001,
    "throughput" : 5.2672238218976055,
    "receivedKBytesPerSec" : 4.004363188524914,
    "sentKBytesPerSec" : 1.284871696463059
  },
  "Total" : {
    "transaction" : "Total",
    "sampleCount" : 7200,
    "errorCount" : 4,
    "errorPct" : 0.055555556,
    "meanResTime" : 5308.782222222214,
    "medianResTime" : 451.0,
    "minResTime" : 275.0,
    "maxResTime" : 227603.0,
    "pct1ResTime" : 19139.600000000013,
    "pct2ResTime" : 31791.29999999998,
    "pct3ResTime" : 54008.909999999996,
    "throughput" : 31.315240083507305,
    "receivedKBytesPerSec" : 26.730251113158925,
    "sentKBytesPerSec" : 9.60631772056585
  },
  "deleteBooking" : {
    "transaction" : "deleteBooking",
    "sampleCount" : 1200,
    "errorCount" : 1,
    "errorPct" : 0.083333336,
    "meanResTime" : 744.6041666666678,
    "medianResTime" : 437.0,
    "minResTime" : 279.0,
    "maxResTime" : 38162.0,
    "pct1ResTime" : 1471.0000000000018,
    "pct2ResTime" : 2189.95,
    "pct3ResTime" : 4951.800000000001,
    "throughput" : 5.3273666826487664,
    "receivedKBytesPerSec" : 3.9245281395947647,
    "sentKBytesPerSec" : 1.1808909438095998
  },
  "partialupdateBooking" : {
    "transaction" : "partialupdateBooking",
    "sampleCount" : 1200,
    "errorCount" : 1,
    "errorPct" : 0.083333336,
    "meanResTime" : 850.0633333333338,
    "medianResTime" : 439.0,
    "minResTime" : 277.0,
    "maxResTime" : 31080.0,
    "pct1ResTime" : 1601.0,
    "pct2ResTime" : 2344.7000000000003,
    "pct3ResTime" : 11526.270000000022,
    "throughput" : 5.304453530776882,
    "receivedKBytesPerSec" : 4.77351174853575,
    "sentKBytesPerSec" : 1.6264832440048624
  },
  "getBooking" : {
    "transaction" : "getBooking",
    "sampleCount" : 1200,
    "errorCount" : 0,
    "errorPct" : 0.0,
    "meanResTime" : 963.3850000000001,
    "medianResTime" : 439.0,
    "minResTime" : 275.0,
    "maxResTime" : 43775.0,
    "pct1ResTime" : 1689.2000000000007,
    "pct2ResTime" : 2709.7500000000027,
    "pct3ResTime" : 9725.74,
    "throughput" : 5.296797203291076,
    "receivedKBytesPerSec" : 4.766720912858858,
    "sentKBytesPerSec" : 0.9672732763890851
  },
  "createBooking" : {
    "transaction" : "createBooking",
    "sampleCount" : 1200,
    "errorCount" : 0,
    "errorPct" : 0.0,
    "meanResTime" : 1375.2816666666688,
    "medianResTime" : 443.0,
    "minResTime" : 275.0,
    "maxResTime" : 49946.0,
    "pct1ResTime" : 2149.7000000000003,
    "pct2ResTime" : 3997.100000000007,
    "pct3ResTime" : 23601.580000000013,
    "throughput" : 5.293642776162726,
    "receivedKBytesPerSec" : 4.912080899268595,
    "sentKBytesPerSec" : 2.17639024293409
  }
}