{
  "updateBooking" : {
    "transaction" : "updateBooking",
    "sampleCount" : 1000,
    "errorCount" : 0,
    "errorPct" : 0.0,
    "meanResTime" : 1029.6630000000005,
    "medianResTime" : 438.0,
    "minResTime" : 277.0,
    "maxResTime" : 53007.0,
    "pct1ResTime" : 1660.1999999999996,
    "pct2ResTime" : 2678.7999999999997,
    "pct3ResTime" : 14465.260000000006,
    "throughput" : 10.47943411055803,
    "receivedKBytesPerSec" : 9.404759955462405,
    "sentKBytesPerSec" : 4.973606972098507
  },
  "auth" : {
    "transaction" : "auth",
    "sampleCount" : 1000,
    "errorCount" : 0,
    "errorPct" : 0.0,
    "meanResTime" : 20160.858999999993,
    "medianResTime" : 17649.0,
    "minResTime" : 1299.0,
    "maxResTime" : 90778.0,
    "pct1ResTime" : 41506.199999999895,
    "pct2ResTime" : 51877.2,
    "pct3ResTime" : 60626.72,
    "throughput" : 10.361405835543767,
    "receivedKBytesPerSec" : 7.871754289622016,
    "sentKBytesPerSec" : 2.5296400965683024
  },
  "Total" : {
    "transaction" : "Total",
    "sampleCount" : 6000,
    "errorCount" : 0,
    "errorPct" : 0.0,
    "meanResTime" : 4124.94983333334,
    "medianResTime" : 442.0,
    "minResTime" : 274.0,
    "maxResTime" : 90778.0,
    "pct1ResTime" : 14814.10000000001,
    "pct2ResTime" : 26148.549999999996,
    "pct3ResTime" : 50550.25999999994,
    "throughput" : 60.8081401830325,
    "receivedKBytesPerSec" : 51.93507060395151,
    "sentKBytesPerSec" : 18.65602450314682
  },
  "deleteBooking" : {
    "transaction" : "deleteBooking",
    "sampleCount" : 1000,
    "errorCount" : 0,
    "errorPct" : 0.0,
    "meanResTime" : 762.8319999999998,
    "medianResTime" : 433.0,
    "minResTime" : 278.0,
    "maxResTime" : 28349.0,
    "pct1ResTime" : 1502.1999999999998,
    "pct2ResTime" : 2237.7,
    "pct3ResTime" : 6856.870000000013,
    "throughput" : 10.512373063095264,
    "receivedKBytesPerSec" : 7.753573221306477,
    "sentKBytesPerSec" : 2.3303487775424174
  },
  "partialupdateBooking" : {
    "transaction" : "partialupdateBooking",
    "sampleCount" : 1000,
    "errorCount" : 0,
    "errorPct" : 0.0,
    "meanResTime" : 832.1499999999994,
    "medianResTime" : 437.0,
    "minResTime" : 278.0,
    "maxResTime" : 32400.0,
    "pct1ResTime" : 1485.6999999999998,
    "pct2ResTime" : 2304.499999999998,
    "pct3ResTime" : 7534.49000000001,
    "throughput" : 10.495822662580293,
    "receivedKBytesPerSec" : 9.45152930696083,
    "sentKBytesPerSec" : 3.2184148716623286
  },
  "getBooking" : {
    "transaction" : "getBooking",
    "sampleCount" : 1000,
    "errorCount" : 0,
    "errorPct" : 0.0,
    "meanResTime" : 905.254,
    "medianResTime" : 435.0,
    "minResTime" : 274.0,
    "maxResTime" : 29052.0,
    "pct1ResTime" : 1586.5,
    "pct2ResTime" : 2616.0999999999985,
    "pct3ResTime" : 8803.29,
    "throughput" : 10.461126454096577,
    "receivedKBytesPerSec" : 9.41938623263453,
    "sentKBytesPerSec" : 1.9103508432975562
  },
  "createBooking" : {
    "transaction" : "createBooking",
    "sampleCount" : 1000,
    "errorCount" : 0,
    "errorPct" : 0.0,
    "meanResTime" : 1058.9410000000016,
    "medianResTime" : 436.0,
    "minResTime" : 277.0,
    "maxResTime" : 38347.0,
    "pct1ResTime" : 1717.6999999999998,
    "pct2ResTime" : 2920.249999999999,
    "pct3ResTime" : 11802.60000000001,
    "throughput" : 10.447792381469796,
    "receivedKBytesPerSec" : 9.704213610992122,
    "sentKBytesPerSec" : 4.29543026620975
  }
}