{
  "updateBooking" : {
    "transaction" : "updateBooking",
    "sampleCount" : 800,
    "errorCount" : 0,
    "errorPct" : 0.0,
    "meanResTime" : 803.0850000000012,
    "medianResTime" : 426.5,
    "minResTime" : 276.0,
    "maxResTime" : 20330.0,
    "pct1ResTime" : 1457.6999999999998,
    "pct2ResTime" : 1917.9999999999932,
    "pct3ResTime" : 14552.49,
    "throughput" : 12.61451615446475,
    "receivedKBytesPerSec" : 11.30656082956212,
    "sentKBytesPerSec" : 5.9869676279979185
  },
  "auth" : {
    "transaction" : "auth",
    "sampleCount" : 800,
    "errorCount" : 0,
    "errorPct" : 0.0,
    "meanResTime" : 14834.173749999996,
    "medianResTime" : 13665.0,
    "minResTime" : 1311.0,
    "maxResTime" : 63227.0,
    "pct1ResTime" : 26831.7,
    "pct2ResTime" : 31757.84999999999,
    "pct3ResTime" : 41630.49000000002,
    "throughput" : 12.24889759921607,
    "receivedKBytesPerSec" : 9.288408428007104,
    "sentKBytesPerSec" : 2.990453515433611
  },
  "Total" : {
    "transaction" : "Total",
    "sampleCount" : 4800,
    "errorCount" : 0,
    "errorPct" : 0.0,
    "meanResTime" : 3127.69,
    "medianResTime" : 433.0,
    "minResTime" : 272.0,
    "maxResTime" : 63227.0,
    "pct1ResTime" : 12120.400000000107,
    "pct2ResTime" : 20357.649999999994,
    "pct3ResTime" : 30589.499999999945,
    "throughput" : 71.32455645041458,
    "receivedKBytesPerSec" : 60.8286789726292,
    "sentKBytesPerSec" : 21.88261538232934
  },
  "deleteBooking" : {
    "transaction" : "deleteBooking",
    "sampleCount" : 800,
    "errorCount" : 0,
    "errorPct" : 0.0,
    "meanResTime" : 669.7687499999992,
    "medianResTime" : 403.0,
    "minResTime" : 273.0,
    "maxResTime" : 23320.0,
    "pct1ResTime" : 1341.9,
    "pct2ResTime" : 1669.9499999999985,
    "pct3ResTime" : 8610.59,
    "throughput" : 12.672263583082527,
    "receivedKBytesPerSec" : 9.330325320766672,
    "sentKBytesPerSec" : 2.809183431015365
  },
  "partialupdateBooking" : {
    "transaction" : "partialupdateBooking",
    "sampleCount" : 800,
    "errorCount" : 0,
    "errorPct" : 0.0,
    "meanResTime" : 705.8237500000005,
    "medianResTime" : 421.5,
    "minResTime" : 275.0,
    "maxResTime" : 32555.0,
    "pct1ResTime" : 1410.1999999999998,
    "pct2ResTime" : 2033.4999999999993,
    "pct3ResTime" : 6347.670000000018,
    "throughput" : 12.63862997251098,
    "receivedKBytesPerSec" : 11.365757014439634,
    "sentKBytesPerSec" : 3.8755173939144996
  },
  "getBooking" : {
    "transaction" : "getBooking",
    "sampleCount" : 800,
    "errorCount" : 0,
    "errorPct" : 0.0,
    "meanResTime" : 874.1937499999998,
    "medianResTime" : 427.0,
    "minResTime" : 276.0,
    "maxResTime" : 19105.0,
    "pct1ResTime" : 1555.9999999999998,
    "pct2ResTime" : 2555.249999999999,
    "pct3ResTime" : 12110.180000000028,
    "throughput" : 12.583166868521635,
    "receivedKBytesPerSec" : 11.316494172420844,
    "sentKBytesPerSec" : 2.2979025433726035
  },
  "createBooking" : {
    "transaction" : "createBooking",
    "sampleCount" : 800,
    "errorCount" : 0,
    "errorPct" : 0.0,
    "meanResTime" : 879.0950000000009,
    "medianResTime" : 429.0,
    "minResTime" : 272.0,
    "maxResTime" : 19786.0,
    "pct1ResTime" : 1713.4999999999995,
    "pct2ResTime" : 2762.85,
    "pct3ResTime" : 7910.520000000007,
    "throughput" : 12.567945455116725,
    "receivedKBytesPerSec" : 11.657260344990101,
    "sentKBytesPerSec" : 5.167094762308731
  }
}